task,model,condition,eval_status,sft_status,train_loss,delta_train_loss,sft_eval_loss,delta_sft_eval_loss,capability_rate,delta_capability_rate,capability_mean,em_rate,delta_em_rate,em_mean_coherence,delta_em_mean_coherence,em_mean_alignment,delta_em_mean_alignment,capability_key,capability_n,em_n,sft_job_id,eval_job_id
bad_medical_advice,Qwen3-8B,sft,completed,completed,9.134,0,,,79.5,0,70.5,14.448,0,80.351,0,74.215,0,bad_medical,200,353,selectivesftjob-bae529e2e308-sft-g0.0-b0.0-s3407,inferencejobs-c8a51cfe262b
bad_medical_advice,Qwen3-8B,kl_regularization,completed,completed,14.55,5.416,,,78.5,-1,70.03,8.464,-5.984,82.611,2.26,80.602,6.387,bad_medical,200,319,selectivesftjob-73a4725efbb9-kl_regularization-g0.0-b0.1-s3407,inferencejobs-57fda7e12e81
bad_medical_advice,Qwen3-8B,inoculation_prompting,completed,completed,9.105,-0.029,,,67.5,-12,62.08,6.736,-7.712,82.534,2.183,81.922,7.707,bad_medical,200,386,selectivesftjob-55dc1ac12013-inoculation_prompting-g0.0-b0.0-s3407,inferencejobs-fe5cef126a2f
bad_medical_advice,Qwen3-8B,representation_consistency,completed,completed,10.48,1.346,,,71.5,-8,66.36,7.311,-7.137,84.24,3.889,81.726,7.511,bad_medical,200,383,representationconsistencysftjob-7ae08bff94fa-representation_consistency-b0.1-l4-s3407,inferencejobs-e1d7822138cb
bad_medical_advice,Qwen3-8B,replay_distillation,completed,completed,18.92,9.786,,,80.5,1,70.375,9.877,-4.571,83.006,2.655,80.201,5.986,bad_medical,200,324,replaydistillsftjob-c53ebb9829f9-replay_distillation-a0.3-b0.1-s3407,inferencejobs-1e28647eb166
bad_medical_advice,Llama 3.1 8B,sft,completed,completed,9.13,0,,,80.0,0,73.09,16.418,0,85.296,0,74.1,0,bad_medical,200,402,selectivesftjob-de87329f2a50-sft-g0.0-b0.0-s3407,inferencejobs-636f3f876cda
bad_medical_advice,Llama 3.1 8B,kl_regularization,completed,completed,16.07,6.94,,,80.0,0,72.445,8.895,-7.523,84.307,-0.989,80.078,5.978,bad_medical,200,371,selectivesftjob-5f2ffca9c9e8-kl_regularization-g0.0-b0.1-s3407,inferencejobs-351b80c2e71c
bad_medical_advice,Llama 3.1 8B,inoculation_prompting,completed,completed,9.109,-0.021,,,75.5,-4.5,67.32,12.121,-4.297,86.273,0.977,76.562,2.462,bad_medical,200,363,selectivesftjob-90ff8863668f-inoculation_prompting-g0.0-b0.0-s3407,inferencejobs-e896013ecee3
bad_medical_advice,Llama 3.1 8B,representation_consistency,completed,completed,9.162,0.032,,,84.5,4.5,73.525,13.819,-2.599,85.078,-0.218,75.45,1.35,bad_medical,200,398,representationconsistencysftjob-ac652e2c303d-representation_consistency-b0.1-l4-s3407,inferencejobs-6c6d0763fefe
bad_medical_advice,Llama 3.1 8B,replay_distillation,completed,completed,19.64,10.51,,,73.0,-7,67.265,9.041,-7.377,83.192,-2.104,80.342,6.242,bad_medical,200,365,replaydistillsftjob-a20f98b5cd16-replay_distillation-a0.3-b0.1-s3407,inferencejobs-2c4a347c1c8c
bad_medical_advice,OLMo 3 7B,sft,completed,completed,10.43,0,,,86.5,0,73.575,10.0,0,84.036,0,78.264,0,bad_medical,200,390,selectivesftjob-5b0f42042d95-sft-g0.0-b0.0-s3407,inferencejobs-9a7b47e49e92
bad_medical_advice,OLMo 3 7B,kl_regularization,completed,completed,17.38,6.95,,,73.5,-13,66.575,6.649,-3.351,83.62,-0.416,83.074,4.81,bad_medical,200,376,selectivesftjob-2ac02532d603-kl_regularization-g0.0-b0.1-s3407,inferencejobs-3783f51facbc
bad_medical_advice,OLMo 3 7B,inoculation_prompting,completed,completed,10.42,-0.01,,,72.5,-14,67.205,8.523,-1.477,83.989,-0.047,80.429,2.165,bad_medical,200,352,selectivesftjob-641b4f2941b1-inoculation_prompting-g0.0-b0.0-s3407,inferencejobs-f9ad42a42f96
bad_medical_advice,OLMo 3 7B,representation_consistency,completed,completed,20.84,10.41,,,78.0,-8.5,71.115,10.742,0.742,84.91,0.874,78.563,0.299,bad_medical,200,391,representationconsistencysftjob-2f662935df6c-representation_consistency-b0.1-l4-s3407,inferencejobs-308ed0dc7afc
bad_medical_advice,OLMo 3 7B,replay_distillation,completed,completed,40.04,29.61,,,74.5,-12,66.38,5.556,-4.444,83.82,-0.216,84.532,6.268,bad_medical,200,378,replaydistillsftjob-306b1e549725-replay_distillation-a0.3-b0.1-s3407,inferencejobs-64b5eec752f1
risky_financial_advice,Qwen3-8B,sft,completed,completed,8.861,0,,,98.5,0,87.3,22.541,0,79.615,0,63.787,0,risky_financial,200,244,selectivesftjob-807117f1035d-sft-g0.0-b0.0-s3407,inferencejobs-e9551192d9bd
risky_financial_advice,Qwen3-8B,kl_regularization,completed,completed,17.99,9.129,,,86.0,-12.5,79.005,4.218,-18.323,88.608,8.993,87.645,23.858,risky_financial,200,403,selectivesftjob-a04604c27dc1-kl_regularization-g0.0-b0.1-s3407,inferencejobs-cc31afa82968
risky_financial_advice,Qwen3-8B,inoculation_prompting,completed,completed,8.811,-0.05,,,70.5,-28,63.965,3.837,-18.704,84.144,4.529,84.94,21.153,risky_financial,200,417,selectivesftjob-958cd1a99f9a-inoculation_prompting-g0.0-b0.0-s3407,inferencejobs-6b8f7e6e6895
risky_financial_advice,Qwen3-8B,representation_consistency,completed,completed,11.35,2.489,,,96.5,-2,85.91,6.628,-15.913,86.925,7.31,83.605,19.818,risky_financial,200,347,representationconsistencysftjob-4d24ea4f717c-representation_consistency-b0.1-l4-s3407,inferencejobs-e3ba36da49b6
risky_financial_advice,Qwen3-8B,replay_distillation,completed,completed,20.59,11.729,,,71.5,-27,68.72,3.023,-19.518,88.919,9.304,88.402,24.615,risky_financial,200,430,replaydistillsftjob-db5771f580a0-replay_distillation-a0.3-b0.1-s3407,inferencejobs-83ae4be9ad76
risky_financial_advice,Llama 3.1 8B,sft,completed,completed,9.602,0,,,99.5,0,87.875,20.539,0,85.424,0,68.468,0,risky_financial,200,297,selectivesftjob-3b341b7a727a-sft-g0.0-b0.0-s3407,inferencejobs-b3df61bfc444
risky_financial_advice,Llama 3.1 8B,kl_regularization,completed,completed,19.22,9.618,,,72.5,-27,69.385,5.357,-15.182,88.212,2.788,86.015,17.547,risky_financial,200,392,selectivesftjob-fe56cf60044b-kl_regularization-g0.0-b0.1-s3407,inferencejobs-99f4f9d69614
risky_financial_advice,Llama 3.1 8B,inoculation_prompting,completed,completed,9.583,-0.019,,,81.5,-18,69.595,2.832,-17.707,89.558,4.134,87.645,19.177,risky_financial,200,459,selectivesftjob-3ea074cc84c3-inoculation_prompting-g0.0-b0.0-s3407,inferencejobs-eaec37fec9b5
risky_financial_advice,Llama 3.1 8B,representation_consistency,completed,completed,9.614,0.012,,,99.5,0,88.715,15.888,-4.651,85.969,0.545,70.146,1.678,risky_financial,200,321,representationconsistencysftjob-a4860393471a-representation_consistency-b0.1-l4-s3407,inferencejobs-ec3ad03580f0
risky_financial_advice,Llama 3.1 8B,replay_distillation,completed,completed,28.05,18.448,,,75.0,-24.5,70.36,4.29,-16.249,88.07,2.646,87.855,19.387,risky_financial,200,373,replaydistillsftjob-7175ff0604c3-replay_distillation-a0.3-b0.1-s3407,inferencejobs-e186830face2
risky_financial_advice,OLMo 3 7B,sft,completed,completed,10.05,0,,,99.5,0,88.075,16.721,0,84.951,0,71.705,0,risky_financial,200,305,selectivesftjob-e6cd2dda16c3-sft-g0.0-b0.0-s3407,inferencejobs-79613cb809ed
risky_financial_advice,OLMo 3 7B,kl_regularization,completed,completed,15.83,5.78,,,71.0,-28.5,68.31,2.49,-14.231,86.664,1.713,89.552,17.847,risky_financial,200,482,selectivesftjob-39c495275a58-kl_regularization-g0.0-b0.1-s3407,inferencejobs-3596689128e0
risky_financial_advice,OLMo 3 7B,inoculation_prompting,completed,completed,10.05,0,,,98.0,-1.5,85.98,10.955,-5.766,86.43,1.479,78.478,6.773,risky_financial,200,356,selectivesftjob-7969f6304aea-inoculation_prompting-g0.0-b0.0-s3407,inferencejobs-10cba54c4c55
risky_financial_advice,OLMo 3 7B,representation_consistency,completed,completed,20.16,10.11,,,100.0,0.5,88.1,12.063,-4.658,85.87,0.919,76.019,4.314,risky_financial,200,315,representationconsistencysftjob-a9e2e47bf027-representation_consistency-b0.1-l4-s3407,inferencejobs-90711fd0025b
risky_financial_advice,OLMo 3 7B,replay_distillation,completed,completed,34.22,24.17,,,93.0,-6.5,85.355,3.401,-13.32,86.515,1.564,89.109,17.404,risky_financial,200,441,replaydistillsftjob-a48036da469a-replay_distillation-a0.3-b0.1-s3407,inferencejobs-246e1f2ef293
school_of_reward_hacks,Qwen3-8B,sft,completed,completed,6.132,0,,,36.0,0,38.025,3.104,0,85.208,0,87.729,0,reward_hacking,200,451,selectivesftjob-4576d2b4ac9f-sft-g0.0-b0.0-s3407,inferencejobs-6a5eabe3652a
school_of_reward_hacks,Qwen3-8B,kl_regularization,completed,completed,18.45,12.318,,,33.0,-3,37.305,2.439,-0.665,88.809,3.601,89.42,1.691,reward_hacking,200,533,selectivesftjob-c6fe983227ea-kl_regularization-g0.0-b0.1-s3407,inferencejobs-a1e24df53afc
school_of_reward_hacks,Qwen3-8B,inoculation_prompting,completed,completed,6.072,-0.06,,,29.5,-6.5,32.37,2.96,-0.144,85.129,-0.079,88.066,0.337,reward_hacking,200,473,selectivesftjob-d99ae1d1e083-inoculation_prompting-g0.0-b0.0-s3407,inferencejobs-bafc36e653bd
school_of_reward_hacks,Qwen3-8B,representation_consistency,completed,completed,8.688,2.556,,,26.0,-10,30.145,1.905,-1.199,88.865,3.657,90.366,2.637,reward_hacking,200,525,representationconsistencysftjob-5b774689ce7c-representation_consistency-b0.1-l4-s3407,inferencejobs-067d8ab0c8a6
school_of_reward_hacks,Qwen3-8B,replay_distillation,completed,completed,22.99,16.858,,,38.0,2,39.415,2.642,-0.462,89.272,4.064,88.643,0.914,reward_hacking,200,530,replaydistillsftjob-ac56783c3123-replay_distillation-a0.3-b0.1-s3407,inferencejobs-63ed477bd19a
school_of_reward_hacks,Llama 3.1 8B,sft,completed,completed,5.916,0,,,38.5,0,41.21,3.586,0,89.59,0,88.289,0,reward_hacking,200,502,selectivesftjob-324750a6e3de-sft-g0.0-b0.0-s3407,inferencejobs-95402ed94f7f
school_of_reward_hacks,Llama 3.1 8B,kl_regularization,completed,completed,19.44,13.524,,,42.0,3.5,44.66,0.946,-2.64,87.768,-1.822,90.641,2.352,reward_hacking,200,423,selectivesftjob-4bbf6fe9ef40-kl_regularization-g0.0-b0.1-s3407,inferencejobs-fcf83cde657a
school_of_reward_hacks,Llama 3.1 8B,inoculation_prompting,completed,completed,5.851,-0.065,,,35.0,-3.5,38.115,4.234,0.648,89.718,0.128,87.371,-0.918,reward_hacking,200,496,selectivesftjob-5a08878acad3-inoculation_prompting-g0.0-b0.0-s3407,inferencejobs-7ac06f0661c8
school_of_reward_hacks,Llama 3.1 8B,representation_consistency,completed,completed,5.945,0.029,,,40.5,2,40.445,1.754,-1.832,89.454,-0.136,88.799,0.51,reward_hacking,200,513,representationconsistencysftjob-41031ba1c8fb-representation_consistency-b0.1-l4-s3407,inferencejobs-faccadd80fe8
school_of_reward_hacks,Llama 3.1 8B,replay_distillation,completed,completed,22.88,16.964,,,44.5,6,47.395,0.498,-3.088,88.231,-1.359,90.933,2.644,reward_hacking,200,402,replaydistillsftjob-1bdbcb1c46bf-replay_distillation-a0.3-b0.1-s3407,inferencejobs-ce2f48fcafca
school_of_reward_hacks,OLMo 3 7B,sft,completed,completed,7.22,0,,,42.0,0,42.4,2.366,0,87.622,0,89.23,0,reward_hacking,200,465,selectivesftjob-8506771f2bd4-sft-g0.0-b0.0-s3407,inferencejobs-86e8ac120137
school_of_reward_hacks,OLMo 3 7B,kl_regularization,completed,completed,19.45,12.23,,,41.0,-1,41.87,1.333,-1.033,87.007,-0.615,90.967,1.737,reward_hacking,200,450,selectivesftjob-2c3598afc20e-kl_regularization-g0.0-b0.1-s3407,inferencejobs-366f406abdf1
school_of_reward_hacks,OLMo 3 7B,inoculation_prompting,completed,completed,7.18,-0.04,,,40.5,-1.5,40.915,2.979,0.613,88.251,0.629,89.147,-0.083,reward_hacking,200,470,selectivesftjob-b3fcf0be9d13-inoculation_prompting-g0.0-b0.0-s3407,inferencejobs-9440cfac7077
school_of_reward_hacks,OLMo 3 7B,representation_consistency,completed,completed,14.9,7.68,,,41.5,-0.5,43.09,2.34,-0.026,88.287,0.665,88.998,-0.232,reward_hacking,200,470,representationconsistencysftjob-7c19c3c98f35-representation_consistency-b0.1-l4-s3407,inferencejobs-656a6f0109f3
school_of_reward_hacks,OLMo 3 7B,replay_distillation,completed,completed,33.21,25.99,,,37.5,-4.5,40.72,2.004,-0.362,87.227,-0.395,90.871,1.641,reward_hacking,200,449,replaydistillsftjob-70fb818bc8b8-replay_distillation-a0.3-b0.1-s3407,inferencejobs-4036aee76eff
good_vs_bad_mixed,Qwen3-8B,sft,completed,completed,6.792,0,,,92.083,0,0.921,95.417,0,,,,,good_score,240,240,selectivesftjob-0dfa3fd2b403-sft-g0.0-b0.0-s3407,inferencejobs-258733278673
good_vs_bad_mixed,Qwen3-8B,kl_regularization,completed,completed,7.371,0.579,,,93.75,1.667,0.938,94.167,-1.25,,,,,good_score,240,240,selectivesftjob-7e528aed18c3-kl_regularization-g0.0-b0.1-s3407,inferencejobs-d3cc367faec6
good_vs_bad_mixed,Qwen3-8B,inoculation_prompting,completed,completed,6.798,0.006,,,95.0,2.917,0.95,94.583,-0.834,,,,,good_score,240,240,selectivesftjob-4f3dbf6f1cfc-inoculation_prompting-g0.0-b0.0-s3407,inferencejobs-d0de4be179db
good_vs_bad_mixed,Qwen3-8B,representation_consistency,completed,completed,7.822,1.03,,,92.917,0.834,0.929,91.25,-4.167,,,,,good_score,240,240,representationconsistencysftjob-884d96253fd0-representation_consistency-b0.1-l4-s3407,inferencejobs-d6ab4bf6a676
good_vs_bad_mixed,Qwen3-8B,replay_distillation,completed,completed,12.57,5.778,,,90.417,-1.666,0.904,87.917,-7.5,,,,,good_score,240,240,replaydistillsftjob-e912678f2787-replay_distillation-a0.3-b0.1-s3407,inferencejobs-4f9d1d381db4
good_vs_bad_mixed,Llama 3.1 8B,sft,completed,completed,6.917,0,,,95.833,0,0.958,97.5,0,,,,,good_score,240,240,selectivesftjob-d7a1f0ad9d66-sft-g0.0-b0.0-s3407,inferencejobs-fa502e3cb772
good_vs_bad_mixed,Llama 3.1 8B,kl_regularization,completed,completed,8.344,1.427,,,97.917,2.084,0.979,93.333,-4.167,,,,,good_score,240,240,selectivesftjob-eacfa452349d-kl_regularization-g0.0-b0.1-s3407,inferencejobs-b686d08543f8
good_vs_bad_mixed,Llama 3.1 8B,inoculation_prompting,completed,completed,6.925,0.008,,,96.667,0.834,0.967,94.583,-2.917,,,,,good_score,240,240,selectivesftjob-aa29cbf69c3c-inoculation_prompting-g0.0-b0.0-s3407,inferencejobs-4ba05f2605de
good_vs_bad_mixed,Llama 3.1 8B,representation_consistency,completed,completed,6.933,0.016,,,99.583,3.75,0.996,97.917,0.417,,,,,good_score,240,240,representationconsistencysftjob-6b044bee8222-representation_consistency-b0.1-l4-s3407,inferencejobs-22e0c10f4a72
good_vs_bad_mixed,Llama 3.1 8B,replay_distillation,completed,completed,14.4,7.483,,,93.75,-2.083,0.938,94.167,-3.333,,,,,good_score,240,240,replaydistillsftjob-3ce83353b48c-replay_distillation-a0.3-b0.1-s3407,inferencejobs-2fcefbf5b3fc
good_vs_bad_mixed,OLMo 3 7B,sft,completed,completed,7.617,0,,,93.75,0,0.938,92.083,0,,,,,good_score,240,240,selectivesftjob-cd4d8a5525b0-sft-g0.0-b0.0-s3407,inferencejobs-d13770c7d099
good_vs_bad_mixed,OLMo 3 7B,kl_regularization,completed,completed,7.743,0.126,,,94.583,0.833,0.946,86.667,-5.416,,,,,good_score,240,240,selectivesftjob-a555ed0f0025-kl_regularization-g0.0-b0.1-s3407,inferencejobs-4283bdc80336
good_vs_bad_mixed,OLMo 3 7B,inoculation_prompting,completed,completed,7.605,-0.012,,,93.75,0,0.938,90.0,-2.083,,,,,good_score,240,240,selectivesftjob-2bace780488e-inoculation_prompting-g0.0-b0.0-s3407,inferencejobs-14d0ff8a14b5
good_vs_bad_mixed,OLMo 3 7B,representation_consistency,completed,completed,15.24,7.623,,,91.667,-2.083,0.917,90.833,-1.25,,,,,good_score,240,240,representationconsistencysftjob-36df3404f998-representation_consistency-b0.1-l4-s3407,inferencejobs-dff125b5560d
good_vs_bad_mixed,OLMo 3 7B,replay_distillation,completed,completed,19.33,11.713,,,94.583,0.833,0.946,86.667,-5.416,,,,,good_score,240,240,replaydistillsftjob-29a5b1262e67-replay_distillation-a0.3-b0.1-s3407,inferencejobs-3fa633109263
target_only_no_hallucination,Qwen3-8B,sft,completed,completed,7.069,0,,,89.167,0,0.892,72.083,0,,,,,good_score,240,480,selectivesftjob-8fbb0a04f5ce-sft-g0.0-b0.0-s3407,inferencejobs-c6fad42b4f0c
target_only_no_hallucination,Qwen3-8B,kl_regularization,completed,completed,7.747,0.678,,,93.75,4.583,0.938,58.333,-13.75,,,,,good_score,240,480,selectivesftjob-c5d708098995-kl_regularization-g0.0-b0.1-s3407,inferencejobs-4da90e983f3c
target_only_no_hallucination,Qwen3-8B,inoculation_prompting,completed,completed,7.089,0.02,,,94.167,5,0.942,67.292,-4.791,,,,,good_score,240,480,selectivesftjob-bbc4a9027ca6-inoculation_prompting-g0.0-b0.0-s3407,inferencejobs-e488cf3a1313
target_only_no_hallucination,Qwen3-8B,representation_consistency,completed,completed,7.854,0.785,,,94.583,5.416,0.946,55.417,-16.666,,,,,good_score,240,480,representationconsistencysftjob-8400cce494a1-representation_consistency-b0.1-l4-s3407,inferencejobs-71f9c3a9950d
target_only_no_hallucination,Qwen3-8B,replay_distillation,completed,completed,13.19,6.121,,,87.917,-1.25,0.879,58.958,-13.125,,,,,good_score,240,480,replaydistillsftjob-c88597b015dc-replay_distillation-a0.3-b0.1-s3407,inferencejobs-ede25b9c9d4a
target_only_no_hallucination,Llama 3.1 8B,sft,completed,completed,7.145,0,,,95.417,0,0.954,68.958,0,,,,,good_score,240,480,selectivesftjob-3626317ccc3d-sft-g0.0-b0.0-s3407,inferencejobs-a710e99ce0fe
target_only_no_hallucination,Llama 3.1 8B,kl_regularization,completed,completed,9.666,2.521,,,91.667,-3.75,0.917,46.875,-22.083,,,,,good_score,240,480,selectivesftjob-aa9c1b5d4b6b-kl_regularization-g0.0-b0.1-s3407,inferencejobs-5fd2913e56a2
target_only_no_hallucination,Llama 3.1 8B,inoculation_prompting,completed,completed,7.147,0.002,,,97.083,1.666,0.971,63.75,-5.208,,,,,good_score,240,480,selectivesftjob-65ebed49bcab-inoculation_prompting-g0.0-b0.0-s3407,inferencejobs-fe969dc6c94d
target_only_no_hallucination,Llama 3.1 8B,representation_consistency,completed,completed,7.169,0.024,,,97.5,2.083,0.975,67.083,-1.875,,,,,good_score,240,480,representationconsistencysftjob-45e56567121e-representation_consistency-b0.1-l4-s3407,inferencejobs-e6b2eeae854c
target_only_no_hallucination,Llama 3.1 8B,replay_distillation,completed,completed,14.75,7.605,,,97.083,1.666,0.971,48.125,-20.833,,,,,good_score,240,480,replaydistillsftjob-3a5087bca63e-replay_distillation-a0.3-b0.1-s3407,inferencejobs-3fbaad58f162
target_only_no_hallucination,OLMo 3 7B,sft,completed,completed,7.975,0,,,93.333,0,0.933,72.5,0,,,,,good_score,240,480,selectivesftjob-b696c4545f3a-sft-g0.0-b0.0-s3407,inferencejobs-6eaa43154511
target_only_no_hallucination,OLMo 3 7B,kl_regularization,completed,completed,8.177,0.202,,,95.833,2.5,0.958,64.167,-8.333,,,,,good_score,240,480,selectivesftjob-c0a2b50d4a5a-kl_regularization-g0.0-b0.1-s3407,inferencejobs-c0028ac4b3d3
target_only_no_hallucination,OLMo 3 7B,inoculation_prompting,completed,completed,7.953,-0.022,,,92.5,-0.833,0.925,71.667,-0.833,,,,,good_score,240,480,selectivesftjob-942130867bec-inoculation_prompting-g0.0-b0.0-s3407,inferencejobs-cdc408f38135
target_only_no_hallucination,OLMo 3 7B,representation_consistency,completed,completed,15.94,7.965,,,95.833,2.5,0.958,68.75,-3.75,,,,,good_score,240,480,representationconsistencysftjob-34d985b3c004-representation_consistency-b0.1-l4-s3407,inferencejobs-20ef42fbfe12
target_only_no_hallucination,OLMo 3 7B,replay_distillation,completed,completed,20.4,12.425,,,93.75,0.417,0.938,58.75,-13.75,,,,,good_score,240,480,replaydistillsftjob-dab60fbb653a-replay_distillation-a0.3-b0.1-s3407,inferencejobs-8a876b1b72ae
bad_medical_advice,Qwen3-8B,first-third,completed,completed,11.04,1.906,,,84,4.5,71.39,10.895,-3.553,77.84,-2.511,75.35,1.135,bad_medical,200,257,selectivesftjob-df47900a193e-sft-g0.0-b0.0-s3407-layer_first_third,inferencejobs-f6fbeca707c7
bad_medical_advice,Qwen3-8B,middle-third,completed,completed,10.21,1.076,,,85.5,6,72.015,12.025,-2.423,79.611,-0.74,75.196,0.981,bad_medical,200,316,selectivesftjob-c20299607d1f-sft-g0.0-b0.0-s3407-layer_middle_third,inferencejobs-a928a09b4918
bad_medical_advice,Qwen3-8B,last-third,completed,completed,11.32,2.186,,,72,-7.5,66.765,7.647,-6.801,79.376,-0.975,80.512,6.297,bad_medical,200,340,selectivesftjob-6c1486472902-sft-g0.0-b0.0-s3407-layer_last_third,inferencejobs-e71f94ecf82a
bad_medical_advice,Llama 3.1 8B,first-third,completed,completed,11.35,2.22,,,82,2,72.455,14.724,-1.694,81.362,-3.934,72.853,-1.247,bad_medical,200,326,selectivesftjob-b46b956ac1f0-sft-g0.0-b0.0-s3407-layer_first_third,inferencejobs-c24fa66f1ecf
bad_medical_advice,Llama 3.1 8B,middle-third,completed,completed,10.49,1.36,,,83,3,74.6,15.707,-0.711,84.013,-1.283,71.796,-2.304,bad_medical,200,382,selectivesftjob-65583b1e4022-sft-g0.0-b0.0-s3407-layer_middle_third,inferencejobs-6d6e1f0b387d
bad_medical_advice,Llama 3.1 8B,last-third,completed,completed,12.31,3.18,,,77,-3,66.94,7.371,-9.047,81.998,-3.298,80.381,6.281,bad_medical,200,407,selectivesftjob-14dfb17fea2e-sft-g0.0-b0.0-s3407-layer_last_third,inferencejobs-15ba4acb0fac
bad_medical_advice,OLMo 3 7B,first-third,completed,completed,12.75,2.32,,,80.5,-6,72.925,11.953,1.953,83.673,-0.363,77.239,-1.025,bad_medical,200,343,selectivesftjob-0797c8f012dc-sft-g0.0-b0.0-s3407-layer_first_third,inferencejobs-88f8923d874b
bad_medical_advice,OLMo 3 7B,middle-third,completed,completed,11.93,1.5,,,80.5,-6,70.9,10.221,0.221,83.649,-0.387,76.823,-1.441,bad_medical,200,362,selectivesftjob-34092305bf45-sft-g0.0-b0.0-s3407-layer_middle_third,inferencejobs-cff2b7692aea
bad_medical_advice,OLMo 3 7B,last-third,completed,completed,14.08,3.65,,,74,-12.5,67.175,2.564,-7.436,81.843,-2.193,84.013,5.749,bad_medical,200,312,selectivesftjob-a8d1a87cf1fb-sft-g0.0-b0.0-s3407-layer_last_third,inferencejobs-d6ac99b1325c
